time,temp,humi,Led,Fan
05-01-2022 00:00,27.43,91.08,1,0
05-01-2022 01:00,27.23,91.71,0,0
05-01-2022 02:00,27.24,91.74,0,1
05-01-2022 03:00,27.34,91.41,1,1
05-01-2022 04:00,27.49,89.98,1,0
05-01-2022 05:00,27.59,89.31,0,0
05-01-2022 06:00,27.86,88.85,1,0
05-01-2022 07:00,29.16,84.13,0,1
05-01-2022 08:00,30.56,78.24,0,0
05-01-2022 09:00,29.43,83.34,1,1
05-01-2022 10:00,25.82,95.91,1,0
05-01-2022 11:00,26.73,94.49,0,1
05-01-2022 12:00,28.35,88.45,1,0
05-01-2022 13:00,30.22,80.37,1,1
05-01-2022 14:00,32.21,69.24,1,0
05-01-2022 15:00,32.24,68.19,0,1
05-01-2022 16:00,28.61,81.91,1,1
05-01-2022 17:00,28.28,83.68,1,0
05-01-2022 18:00,28.06,84.53,1,0
05-01-2022 19:00,28.05,86.39,0,0
05-01-2022 20:00,27.94,87.16,0,1
05-01-2022 21:00,28.09,86.70,1,1
05-01-2022 22:00,27.93,87.90,1,1
05-01-2022 23:00,27.55,88.55,0,0
05-02-2022 00:00,26.87,86.02,1,1
05-02-2022 01:00,26.85,87.53,0,0
05-02-2022 02:00,26.92,89.81,0,0
05-02-2022 03:00,27.12,89.35,0,1
05-02-2022 04:00,27.23,89.93,0,0
05-02-2022 05:00,27.26,90.58,1,1
05-02-2022 06:00,29.36,83.90,1,1
05-02-2022 07:00,32.23,73.84,0,1
05-02-2022 08:00,32.36,71.77,0,1
05-02-2022 09:00,29.98,79.13,1,0
05-02-2022 10:00,30.16,75.81,1,1
05-02-2022 11:00,29.90,77.75,0,0
05-02-2022 12:00,30.77,74.73,1,1
05-02-2022 13:00,31.90,70.84,1,1
05-02-2022 14:00,32.57,69.49,0,0
05-02-2022 15:00,29.01,79.19,0,1
05-02-2022 16:00,27.80,82.75,1,0
05-02-2022 17:00,28.15,80.84,0,1
05-02-2022 18:00,27.98,83.92,0,1
05-02-2022 19:00,28.08,84.91,0,1
05-02-2022 20:00,27.56,89.06,1,1
05-02-2022 21:00,27.34,88.84,0,0
05-02-2022 22:00,27.58,86.36,0,0
05-02-2022 23:00,27.68,85.70,0,1
05-03-2022 00:00,27.59,85.92,1,1
05-03-2022 01:00,27.37,86.97,0,0
05-03-2022 02:00,26.98,89.59,0,0
05-03-2022 03:00,26.85,90.53,0,0
05-03-2022 04:00,26.79,90.52,0,1
05-03-2022 05:00,26.51,91.62,1,1
05-03-2022 06:00,26.93,89.91,0,0
05-03-2022 07:00,28.95,81.94,0,1
05-03-2022 08:00,29.19,80.78,0,0
05-03-2022 09:00,30.44,76.84,1,1
05-03-2022 10:00,32.16,69.97,0,0
05-03-2022 11:00,31.15,73.58,1,0
05-03-2022 12:00,33.02,66.23,1,0
05-03-2022 13:00,33.85,61.45,0,1
05-03-2022 14:00,34.04,60.97,0,0
05-03-2022 15:00,33.97,62.70,0,0
05-03-2022 16:00,32.46,69.46,0,0
05-03-2022 17:00,30.62,77.57,1,1
05-03-2022 18:00,26.56,90.78,1,0
05-03-2022 19:00,25.93,95.17,0,1
05-03-2022 20:00,26.22,93.84,0,1
05-03-2022 21:00,25.68,93.45,0,0
05-03-2022 22:00,25.97,94.09,0,0
05-03-2022 23:00,25.97,94.01,1,1
05-04-2022 00:00,25.94,93.75,0,1
05-04-2022 01:00,25.93,93.50,0,0
05-04-2022 02:00,25.78,93.67,0,1
05-04-2022 03:00,25.98,92.28,1,1
05-04-2022 04:00,25.92,91.70,0,1
05-04-2022 05:00,25.95,91.83,1,0
05-04-2022 06:00,26.40,90.57,0,0
05-04-2022 07:00,28.25,82.71,1,1
05-04-2022 08:00,28.83,80.26,1,1
05-04-2022 09:00,29.36,78.99,1,0
05-04-2022 10:00,31.95,69.91,1,0
05-04-2022 11:00,33.44,63.83,1,0
05-04-2022 12:00,33.89,62.02,1,0
05-04-2022 13:00,34.13,60.79,1,1
05-04-2022 14:00,34.99,60.11,1,0
05-04-2022 15:00,32.37,68.99,0,0
05-04-2022 16:00,27.38,90.61,1,0
05-04-2022 17:00,25.18,96.06,0,0
05-04-2022 18:00,25.78,94.38,1,0
05-04-2022 19:00,25.58,96.14,0,1
05-04-2022 20:00,25.37,95.91,0,1
05-04-2022 21:00,25.27,96.33,1,0
05-04-2022 22:00,25.16,96.58,1,1
05-04-2022 23:00,25.01,96.78,0,1
05-05-2022 00:00,25.04,96.89,0,0
05-05-2022 01:00,24.88,96.71,1,1
05-05-2022 02:00,24.81,95.62,0,0
05-05-2022 03:00,25.07,94.32,1,1
05-05-2022 04:00,25.46,92.54,1,1
05-05-2022 05:00,25.66,91.63,1,1
05-05-2022 06:00,26.11,89.91,0,0
05-05-2022 07:00,27.59,84.39,1,0
05-05-2022 08:00,28.96,79.48,1,1
05-05-2022 09:00,30.80,73.14,1,0
05-05-2022 10:00,31.80,69.09,0,1
05-05-2022 11:00,31.89,69.62,1,1
05-05-2022 12:00,33.05,67.26,0,1
05-05-2022 13:00,33.21,68.02,1,0
05-05-2022 14:00,33.19,67.49,1,1
05-05-2022 15:00,31.91,70.70,0,1
05-05-2022 16:00,30.94,73.36,1,1
05-05-2022 17:00,29.85,78.25,0,0
05-05-2022 18:00,29.62,78.11,1,0
05-05-2022 19:00,29.23,80.98,0,1
05-05-2022 20:00,29.07,81.61,0,0
05-05-2022 21:00,28.84,82.69,1,1
05-05-2022 22:00,28.66,82.59,1,0
05-05-2022 23:00,28.33,83.39,0,1
05-06-2022 00:00,27.96,85.50,0,1
05-06-2022 01:00,27.91,85.52,1,0
05-06-2022 02:00,27.76,86.68,0,0
05-06-2022 03:00,27.45,87.62,0,0
05-06-2022 04:00,27.18,88.42,0,1
05-06-2022 05:00,27.25,87.79,1,1
05-06-2022 06:00,27.75,85.50,0,1
05-06-2022 07:00,28.49,84.38,1,0
05-06-2022 08:00,30.22,77.39,0,0
05-06-2022 09:00,31.99,67.98,1,0
05-06-2022 10:00,33.02,63.37,1,1
05-06-2022 11:00,33.25,62.42,1,1
05-06-2022 12:00,34.03,60.16,1,0
05-06-2022 13:00,35.08,56.62,0,0
05-06-2022 14:00,34.35,61.88,1,0
05-06-2022 15:00,33.34,65.49,0,1
05-06-2022 16:00,31.95,69.16,0,1
05-06-2022 17:00,31.20,71.97,0,0
05-06-2022 18:00,30.15,76.69,0,1
05-06-2022 19:00,29.55,80.27,0,0
05-06-2022 20:00,29.25,80.69,0,0
05-06-2022 21:00,29.05,81.81,1,0
05-06-2022 22:00,28.76,83.91,1,1
05-06-2022 23:00,28.52,84.17,1,1
05-07-2022 00:00,28.26,84.96,1,1
05-07-2022 01:00,28.06,86.06,1,0
05-07-2022 02:00,27.90,87.24,0,0
05-07-2022 03:00,27.83,87.38,0,0
05-07-2022 04:00,27.74,87.22,1,0
05-07-2022 05:00,27.73,86.46,0,0
05-07-2022 06:00,28.52,80.94,1,1
05-07-2022 07:00,30.37,72.66,1,0
05-07-2022 08:00,31.29,66.81,1,1
05-07-2022 09:00,33.01,60.88,0,1
05-07-2022 10:00,33.68,59.10,0,1
05-07-2022 11:00,34.56,56.99,1,0
05-07-2022 12:00,33.32,61.51,0,0
05-07-2022 13:00,34.37,58.04,0,0
05-07-2022 14:00,34.19,56.42,0,1
05-07-2022 15:00,32.87,63.41,1,1
05-07-2022 16:00,31.85,67.65,0,1
05-09-2022 09:00,32.83,67.24,1,1
05-09-2022 10:00,33.31,64.84,0,1
05-09-2022 11:00,34.48,61.73,1,1
05-09-2022 12:00,34.90,59.66,0,1
05-09-2022 13:00,35.15,59.40,1,1
05-09-2022 14:00,34.97,58.46,0,1
05-09-2022 15:00,33.66,62.46,1,1
05-09-2022 16:00,32.44,66.21,0,1
05-09-2022 17:00,31.03,74.89,0,1
05-09-2022 18:00,30.04,79.15,0,1
05-09-2022 19:00,29.55,82.37,1,1
05-09-2022 20:00,29.35,83.58,0,1
05-09-2022 21:00,29.13,84.42,1,1
05-09-2022 22:00,29.01,84.34,0,1
05-09-2022 23:00,28.76,85.87,1,1
05-10-2022 16:00,28.77,81.03,0,1
05-12-2022 10:00,33.66,64.03,0,1
05-12-2022 11:00,34.37,61.77,1,1
05-12-2022 12:00,34.66,59.45,0,1
05-12-2022 13:00,34.96,59.34,1,1
05-12-2022 14:00,36.08,54.30,1,1
05-12-2022 15:00,35.20,56.13,1,1
05-12-2022 16:00,35.51,57.12,0,1
05-12-2022 17:00,30.16,79.31,0,1
05-12-2022 18:00,25.09,93.47,0,1
05-12-2022 19:00,26.70,86.98,1,1
05-12-2022 20:00,27.56,86.07,0,1
05-12-2022 21:00,27.91,85.34,0,1
05-12-2022 22:00,27.95,85.29,0,1
05-12-2022 23:00,27.87,86.11,0,1
13-05-2022 00:00,27.69,87.16,0,1
13-05-2022 01:00,27.62,87.85,1,1
13-05-2022 02:00,27.43,89.16,1,1
13-05-2022 03:00,27.45,89.62,0,1
13-05-2022 04:00,27.34,90.52,0,1
13-05-2022 05:00,27.43,90.63,0,1
13-05-2022 06:00,29.60,83.85,0,1
13-05-2022 07:00,32.53,73.90,1,1
13-05-2022 08:00,32.73,72.13,1,1
13-05-2022 09:00,33.37,68.40,1,1
13-05-2022 10:00,34.17,63.18,0,1
13-05-2022 11:00,34.90,60.39,0,1
13-05-2022 12:00,35.55,57.54,0,1
13-05-2022 13:00,36.41,56.52,0,1
13-05-2022 14:00,36.53,55.95,0,1
13-05-2022 15:00,35.61,59.26,0,1
13-05-2022 16:00,31.62,75.33,0,1
13-05-2022 17:00,28.33,89.25,0,1
13-05-2022 18:00,27.50,89.95,0,1
13-05-2022 19:00,27.64,89.71,0,1
13-05-2022 20:00,28.01,88.77,0,1
13-05-2022 21:00,27.86,89.33,1,1
13-05-2022 22:00,28.09,85.74,0,1
13-05-2022 23:00,28.10,86.03,0,1
14-05-2022 00:00,28.21,86.79,0,1
14-05-2022 01:00,27.93,88.31,0,1
14-05-2022 02:00,28.01,88.40,0,1
14-05-2022 03:00,28.08,88.32,0,1
14-05-2022 04:00,28.03,89.16,0,1
14-05-2022 05:00,27.88,90.62,0,1
14-05-2022 06:00,29.93,83.83,1,1
14-05-2022 07:00,31.93,76.66,1,1
14-05-2022 08:00,32.06,75.20,0,1
14-05-2022 09:00,33.17,68.55,1,1
14-05-2022 10:00,33.89,65.58,0,1
14-05-2022 11:00,35.37,60.58,0,1
14-05-2022 12:00,35.04,61.45,0,1
14-05-2022 13:00,35.37,61.04,0,1
14-05-2022 14:00,36.25,56.60,0,1
14-05-2022 15:00,36.61,56.84,0,1
14-05-2022 16:00,33.42,69.61,0,1
14-05-2022 17:00,31.04,74.87,0,1
14-05-2022 18:00,30.64,72.28,1,1
14-05-2022 19:00,30.73,70.22,0,1
14-05-2022 20:00,30.51,78.52,1,1
14-05-2022 21:00,29.90,81.55,1,1
14-05-2022 22:00,29.46,83.81,0,1
14-05-2022 23:00,29.26,85.21,0,1
15-05-2022 00:00,29.00,86.99,0,1
15-05-2022 01:00,28.89,87.67,0,1
15-05-2022 02:00,28.55,89.30,0,1
15-05-2022 03:00,28.42,90.31,0,1
15-05-2022 04:00,28.51,90.77,0,1
15-05-2022 05:00,28.34,91.86,0,1
15-05-2022 06:00,28.97,90.20,0,1
15-05-2022 07:00,29.59,88.04,1,1
15-05-2022 08:00,30.01,85.71,0,1
15-05-2022 09:00,31.41,78.11,0,1
15-05-2022 10:00,33.73,67.40,0,1
15-05-2022 11:00,34.53,63.72,0,1
15-05-2022 12:00,36.26,58.03,0,1
15-05-2022 13:00,36.41,57.70,0,1
15-05-2022 14:00,35.66,60.30,0,1
15-05-2022 15:00,32.80,70.55,0,1
15-05-2022 16:00,31.81,72.96,0,1
15-05-2022 17:00,31.19,75.35,0,1
15-05-2022 18:00,31.05,75.75,0,1
15-05-2022 19:00,30.75,80.61,0,1
15-05-2022 20:00,29.37,85.02,0,1
15-05-2022 21:00,29.50,81.57,1,1
15-05-2022 22:00,29.44,82.82,0,1
15-05-2022 23:00,29.28,84.39,0,1
16-05-2022 00:00,29.18,85.15,0,1
16-05-2022 01:00,29.15,85.08,0,1
16-05-2022 02:00,29.19,85.03,0,1
16-05-2022 03:00,29.06,85.86,0,1
16-05-2022 04:00,28.96,86.85,0,1
16-05-2022 05:00,28.78,88.04,0,1
16-05-2022 06:00,29.37,86.23,1,1
16-05-2022 07:00,29.91,82.71,0,1
16-05-2022 08:00,30.74,79.66,1,1
16-05-2022 09:00,32.50,74.14,1,1
16-05-2022 10:00,32.19,74.16,0,1
16-05-2022 11:00,32.11,73.54,0,1
16-05-2022 12:00,30.27,80.63,0,1
16-05-2022 13:00,30.22,76.72,0,1
16-05-2022 14:00,30.41,67.76,0,1
16-05-2022 15:00,30.10,74.76,0,1
16-05-2022 16:00,29.27,79.75,0,1
16-05-2022 17:00,28.37,80.98,0,1
16-05-2022 18:00,28.36,82.96,1,1
16-05-2022 19:00,28.26,82.17,0,1
16-05-2022 20:00,28.08,83.14,0,1
16-05-2022 21:00,28.10,84.05,1,1
16-05-2022 22:00,27.84,86.36,0,1
16-05-2022 23:00,27.90,87.49,0,1
17-05-2022 00:00,27.89,88.53,0,1
17-05-2022 01:00,27.60,90.45,0,1
17-05-2022 02:00,27.72,88.87,0,1
17-05-2022 03:00,27.51,86.88,0,1
17-05-2022 04:00,27.46,87.33,0,1
17-05-2022 05:00,27.75,86.53,0,1
17-05-2022 06:00,29.35,81.58,0,1
17-05-2022 07:00,31.00,75.95,0,1
17-05-2022 08:00,31.75,73.09,1,1
17-05-2022 09:00,31.84,72.57,0,1
17-05-2022 10:00,33.01,67.42,0,1
17-05-2022 11:00,33.55,60.67,0,1
17-05-2022 12:00,32.46,65.33,0,1
17-05-2022 13:00,32.07,69.52,0,1
17-05-2022 14:00,33.43,64.21,0,1
17-05-2022 15:00,32.83,67.24,0,1
17-05-2022 16:00,30.31,76.60,0,1
17-05-2022 17:00,29.34,78.42,0,1
17-05-2022 18:00,28.73,81.77,0,1
17-05-2022 19:00,28.26,82.86,1,1
17-05-2022 20:00,27.99,82.77,1,1
17-05-2022 21:00,27.84,85.46,1,1
17-05-2022 22:00,27.84,86.97,0,1
17-05-2022 23:00,27.95,88.24,0,1
18-05-2022 00:00,27.62,90.43,0,1
18-05-2022 01:00,27.48,89.25,0,1
18-05-2022 02:00,27.34,89.59,0,1
18-05-2022 03:00,27.41,89.99,0,1
18-05-2022 04:00,27.51,89.13,0,1
18-05-2022 05:00,27.61,89.10,0,1
18-05-2022 06:00,27.97,89.18,0,1
18-05-2022 07:00,30.16,81.17,0,1
18-05-2022 08:00,32.56,71.24,0,1
18-05-2022 09:00,32.68,69.64,0,1
18-05-2022 10:00,25.98,93.71,0,1
18-05-2022 11:00,26.54,93.56,0,1
18-05-2022 12:00,27.40,90.45,0,1
18-05-2022 13:00,27.88,88.54,0,1
18-05-2022 14:00,28.07,88.14,0,1
18-05-2022 15:00,27.70,89.88,0,1
18-05-2022 16:00,27.76,90.25,0,1
18-05-2022 17:00,27.67,91.36,0,1
18-05-2022 18:00,27.80,90.64,1,1
18-05-2022 19:00,28.04,90.78,0,1
18-05-2022 20:00,27.79,92.24,1,1
18-05-2022 21:00,27.95,91.79,0,1
18-05-2022 22:00,28.13,91.10,0,1
18-05-2022 23:00,27.72,93.42,0,1
19-05-2022 00:00,27.27,94.11,0,1
19-05-2022 01:00,27.10,94.04,0,1
19-05-2022 02:00,27.19,93.53,0,1
19-05-2022 03:00,26.91,93.81,0,0
19-05-2022 04:00,26.82,92.74,0,0
19-05-2022 05:00,26.76,91.94,0,1
19-05-2022 06:00,27.57,89.78,0,1
19-05-2022 07:00,31.55,75.15,1,1
19-05-2022 08:00,30.45,77.75,1,1
19-05-2022 09:00,31.24,72.59,1,1
19-05-2022 10:00,34.18,61.26,0,1
19-05-2022 11:00,33.64,63.36,0,1
19-05-2022 12:00,30.71,70.85,0,1
19-05-2022 13:00,30.07,76.66,0,1
19-05-2022 14:00,30.14,76.44,0,1
19-05-2022 15:00,27.62,86.10,0,1
19-05-2022 16:00,28.18,86.79,0,1
19-05-2022 17:00,28.24,86.96,0,1
19-05-2022 18:00,26.54,90.22,1,0
19-05-2022 19:00,26.77,91.04,1,1
19-05-2022 20:00,27.64,87.20,0,1
19-05-2022 21:00,28.01,85.56,1,1
19-05-2022 22:00,27.97,86.73,0,1
19-05-2022 23:00,27.59,88.88,0,1
20-05-2022 00:00,27.57,88.98,0,1
20-05-2022 01:00,27.27,90.73,0,1
20-05-2022 02:00,27.13,90.95,0,1
20-05-2022 03:00,27.03,92.03,0,1
20-05-2022 04:00,26.93,92.52,0,1
20-05-2022 05:00,26.97,92.45,0,0
20-05-2022 06:00,28.88,85.35,1,1
20-05-2022 07:00,31.57,74.66,0,1
20-05-2022 08:00,32.94,68.50,0,1
20-05-2022 09:00,33.91,63.02,0,1
20-05-2022 10:00,34.22,60.28,0,1
20-05-2022 11:00,33.50,63.76,0,1
20-05-2022 12:00,34.88,59.45,0,1
20-05-2022 13:00,35.62,58.22,0,1
20-05-2022 14:00,34.87,58.68,0,1
20-05-2022 15:00,32.89,63.21,0,1
20-05-2022 16:00,33.10,65.26,0,1
20-05-2022 17:00,32.56,67.94,0,1
20-05-2022 18:00,31.55,69.62,0,1
20-05-2022 19:00,31.00,71.51,1,1
20-05-2022 20:00,30.48,73.40,1,1
20-05-2022 21:00,29.90,76.89,1,1
20-05-2022 22:00,29.47,79.64,0,1
20-05-2022 23:00,29.18,81.39,0,1
21-05-2022 00:00,28.96,82.95,0,1
21-05-2022 01:00,28.86,83.77,0,1
21-05-2022 02:00,28.52,85.43,0,1
21-05-2022 03:00,28.18,86.90,0,1
21-05-2022 04:00,27.98,88.17,0,1
21-05-2022 05:00,28.16,87.54,0,1
21-05-2022 06:00,29.02,83.72,1,1
21-05-2022 07:00,30.47,77.51,1,1
21-05-2022 08:00,32.87,69.07,1,1
21-05-2022 09:00,33.01,66.97,1,1
21-05-2022 10:00,33.93,62.67,0,1
21-05-2022 11:00,34.37,60.54,0,1
21-05-2022 12:00,32.52,68.02,0,1
21-05-2022 13:00,32.12,67.88,0,1
21-05-2022 14:00,26.44,92.80,0,0
21-05-2022 15:00,27.33,90.99,0,1
21-05-2022 16:00,27.55,90.22,0,1
21-05-2022 17:00,27.55,89.35,0,1
21-05-2022 18:00,27.39,87.32,1,1
21-05-2022 19:00,27.43,87.90,1,1
21-05-2022 20:00,27.49,88.04,1,1
21-05-2022 21:00,27.64,88.05,1,1
21-05-2022 22:00,27.10,87.66,0,1
21-05-2022 23:00,26.71,86.77,0,0
22-05-2022 00:00,26.39,87.07,0,0
22-05-2022 01:00,26.28,87.99,0,1
22-05-2022 02:00,26.27,88.81,0,1
22-05-2022 03:00,26.32,89.47,0,0
22-05-2022 04:00,26.36,90.20,0,0
22-05-2022 05:00,26.52,90.01,0,1
22-05-2022 06:00,26.85,89.23,1,1
23-05-2022 09:00,28.98,77.69,1,1
23-05-2022 10:00,31,72.49,0,1
23-05-2022 11:00,31.85,70.46,0,1
23-05-2022 12:00,32.54,67.31,0,1
23-05-2022 13:00,32.56,65.68,0,1
23-05-2022 14:00,30.17,72.44,0,1
23-05-2022 15:00,30.32,71.13,0,1
23-05-2022 16:00,30.61,67.08,0,1
23-05-2022 17:00,30.14,70.64,0,1
23-05-2022 18:00,29.14,75.35,1,1
23-05-2022 19:00,28.71,77.74,1,1
23-05-2022 20:00,28.61,78.93,1,1
23-05-2022 21:00,28.46,80.12,1,1
23-05-2022 22:00,28.34,81.73,0,1
23-05-2022 23:00,27.83,84.19,0,1
24-05-2022 00:00,27.54,85.10,0,1
24-05-2022 01:00,27.31,87.63,0,1
24-05-2022 02:00,27.22,89.55,0,1
24-05-2022 03:00,27.15,90.36,0,1
24-05-2022 04:00,27.21,90.53,0,1
24-05-2022 05:00,27.22,91.54,0,1
24-05-2022 06:00,27.77,90.61,1,1
24-05-2022 07:00,30.30,81.38,1,1
24-05-2022 08:00,31.65,74.58,1,1
24-05-2022 09:00,32.28,71.27,1,1
24-05-2022 10:00,33.76,64.01,0,1
24-05-2022 11:00,34.23,58.49,0,1
24-05-2022 12:00,35.08,56.06,0,1
24-05-2022 13:00,34.67,58.70,0,1
24-05-2022 14:00,35.58,56.48,0,1
24-05-2022 15:00,35.82,56.69,0,1
24-05-2022 16:00,35.18,58.49,0,1
24-05-2022 17:00,33.52,63.03,0,1
24-05-2022 18:00,32.15,69.15,1,1
24-05-2022 19:00,31.36,73.23,1,1
24-05-2022 20:00,30.57,78.31,1,1
24-05-2022 21:00,29.88,81.45,1,1
24-05-2022 22:00,29.40,82.93,0,1
24-05-2022 23:00,28.95,85.33,0,1
25-05-2022 00:00,28.57,87.73,0,1
25-05-2022 01:00,28.35,88.72,0,1
25-05-2022 02:00,27.96,90.72,0,1
25-05-2022 03:00,27.69,91.83,0,1
25-05-2022 04:00,27.52,92.77,0,1
25-05-2022 05:00,27.38,93.70,0,1
25-05-2022 06:00,29.17,87.53,1,1
25-05-2022 07:00,31.34,79.45,1,1
25-05-2022 08:00,31.54,75.22,1,1
25-05-2022 09:00,32.87,67.40,1,1
25-05-2022 10:00,33.44,64.76,0,1
25-05-2022 11:00,33.67,63.04,0,1
25-05-2022 12:00,34.38,61.16,0,1
25-05-2022 13:00,34.09,60.46,0,1
25-05-2022 14:00,35.36,57.06,0,1
25-05-2022 15:00,34.75,59.70,0,1
25-05-2022 16:00,33.91,62.62,0,1
25-05-2022 17:00,32.51,67.95,0,1
25-05-2022 18:00,31.48,72.66,1,1
25-05-2022 19:00,30.94,75.33,1,1
25-05-2022 20:00,30.42,78.62,1,1
25-05-2022 21:00,29.90,82.04,1,1
25-05-2022 22:00,29.28,84.61,0,1
25-05-2022 23:00,28.96,84.82,0,1
26-05-2022 00:00,28.72,85.44,0,1
26-05-2022 01:00,28.54,85.64,0,1
26-05-2022 02:00,28.04,87.41,0,1
26-05-2022 03:00,27.69,88.69,0,1
26-05-2022 04:00,27.46,89.77,0,1
26-05-2022 05:00,27.30,90.31,0,1
26-05-2022 06:00,27.44,89.78,1,1
26-05-2022 07:00,27.96,87.71,1,1
26-05-2022 08:00,30.06,79.80,1,1
26-05-2022 09:00,31.55,73.48,1,1
26-05-2022 10:00,33.15,67.64,0,1
26-05-2022 11:00,34.69,62.11,0,1
26-05-2022 12:00,35.39,59.65,0,1
26-05-2022 13:00,35.17,59.49,0,1
26-05-2022 14:00,34.92,60.57,0,1
26-05-2022 15:00,30.63,75.59,0,1
26-05-2022 16:00,31.09,74.96,0,1
26-05-2022 17:00,31.56,74.15,0,1
26-05-2022 18:00,31.02,74.02,1,1
26-05-2022 19:00,29.41,71.12,1,1
26-05-2022 20:00,28.24,76.36,1,1
26-05-2022 21:00,24.17,94.88,1,1
26-05-2022 22:00,25.15,92.05,0,1
26-05-2022 23:00,25.42,89.94,0,1
27-05-2022 00:00,25.70,89.26,0,1
27-05-2022 01:00,25.64,89.91,0,1
27-05-2022 02:00,26.11,89.12,0,0
27-05-2022 03:00,26.20,89.76,0,0
27-05-2022 04:00,26.43,89.88,0,0
27-05-2022 05:00,26.69,89.74,0,0
27-05-2022 06:00,26.87,90.82,1,1
27-05-2022 07:00,27.36,89.89,1,1
27-05-2022 08:00,30.07,81.66,1,1
27-05-2022 09:00,31.18,77.82,1,1
27-05-2022 10:00,31.75,75.42,0,1
27-05-2022 11:00,33.17,69.08,0,1
27-05-2022 12:00,34.24,65.55,0,1
27-05-2022 13:00,34.17,63.60,0,1
27-05-2022 14:00,31.33,72.50,0,1
27-05-2022 15:00,27.44,83.16,0,1
27-05-2022 16:00,27.27,86.52,0,1
27-05-2022 17:00,26.44,93.07,0,1
27-05-2022 18:00,24.25,95.61,1,1
27-05-2022 19:00,24.54,95.65,1,1
27-05-2022 20:00,24.86,95.46,1,1
27-05-2022 21:00,25.05,95.08,1,1
27-05-2022 22:00,25.51,93.85,0,0
27-05-2022 23:00,25.28,94.42,0,1
28-05-2022 00:00,25.10,95.48,0,1
28-05-2022 01:00,25.14,94.78,0,1
28-05-2022 02:00,25.28,93.01,0,0
28-05-2022 03:00,25.26,93.60,0,1
28-05-2022 04:00,25.08,92.84,0,0
28-05-2022 05:00,24.50,91.20,0,0
28-05-2022 06:00,25.53,87.59,1,0
28-05-2022 07:00,26.48,85.00,1,1
28-05-2022 08:00,28.22,81.80,1,1
28-05-2022 09:00,29.94,74.14,1,1
28-05-2022 10:00,31.01,68.61,0,1
28-05-2022 11:00,31.74,67.20,0,1
28-05-2022 12:00,32.48,64.64,0,1
28-05-2022 13:00,33.22,63.57,0,1
28-05-2022 14:00,33.36,62.24,0,1
28-05-2022 15:00,29.86,75.14,0,1
28-05-2022 16:00,26.55,89.78,0,1
28-05-2022 17:00,27.63,88.27,0,1
28-05-2022 18:00,27.67,88.71,1,1
28-05-2022 19:00,27.18,93.13,1,1
28-05-2022 20:00,27.17,92.05,1,1
28-05-2022 21:00,27.37,90.46,1,1
28-05-2022 22:00,26.93,90.03,0,0
28-05-2022 23:00,26.81,88.58,0,1
29-05-2022 00:00,26.60,87.62,0,0
29-05-2022 01:00,26.15,88.69,0,1
29-05-2022 02:00,26.31,87.60,0,0
29-05-2022 03:00,26.31,88.57,0,1
29-05-2022 04:00,26.05,90.34,0,1
29-05-2022 05:00,26.00,90.82,0,0
29-05-2022 06:00,27.15,86.73,1,1
29-05-2022 07:00,29.33,80.56,1,1
29-05-2022 08:00,31.29,74.12,1,1
29-05-2022 09:00,31.50,72.25,1,1
29-05-2022 10:00,31.80,71.81,0,1
29-05-2022 11:00,29.18,82.42,0,1
29-05-2022 12:00,30.17,76.96,0,1
29-05-2022 13:00,28.14,83.63,0,1
29-05-2022 14:00,27.79,86.20,0,1
29-05-2022 15:00,28.51,83.99,0,1
29-05-2022 16:00,28.45,81.66,0,1
29-05-2022 17:00,28.32,81.45,0,1
29-05-2022 18:00,27.71,83.25,1,1
29-05-2022 19:00,27.54,84.94,1,1
29-05-2022 20:00,27.54,85.76,1,1
29-05-2022 21:00,27.56,86.96,1,1
29-05-2022 22:00,27.50,88.64,0,1
29-05-2022 23:00,27.39,89.83,0,1
30-05-2022 00:00,27.17,90.49,0,1
30-05-2022 01:00,26.93,91.35,0,1
30-05-2022 02:00,26.88,91.84,0,1
30-05-2022 03:00,26.77,92.80,0,0
30-05-2022 04:00,26.96,92.42,0,0
30-05-2022 05:00,27.05,92.30,0,1
30-05-2022 06:00,27.68,90.32,1,1
30-05-2022 07:00,29.10,84.75,1,1
30-05-2022 08:00,30.01,80.86,1,1
30-05-2022 09:00,31.53,74.89,1,1
30-05-2022 10:00,33.69,64.63,0,1
30-05-2022 11:00,34.79,60.36,0,1
30-05-2022 12:00,33.54,64.57,0,1
30-05-2022 13:00,29.00,76.77,0,1
30-05-2022 14:00,27.16,86.43,0,1
30-05-2022 15:00,26.20,90.76,0,0
30-05-2022 16:00,26.32,89.53,0,1
30-05-2022 17:00,26.46,88.84,0,1
30-05-2022 18:00,26.38,89.74,1,0
30-05-2022 19:00,26.49,91.13,1,0
30-05-2022 20:00,26.64,91.99,1,1
30-05-2022 21:00,26.87,91.45,1,0
30-05-2022 22:00,27.00,91.22,0,1
30-05-2022 23:00,26.80,92.13,0,1
31-05-2022 00:00,26.69,92.92,0,0
31-05-2022 01:00,26.42,94.12,0,0
31-05-2022 02:00,26.31,94.52,0,0
31-05-2022 03:00,26.32,94.19,0,0
31-05-2022 04:00,26.26,94.27,0,1
31-05-2022 05:00,26.40,93.90,0,0
31-05-2022 06:00,28.05,88.39,1,1
31-05-2022 07:00,30.42,79.75,1,1
31-05-2022 08:00,30.91,78.28,1,1
31-05-2022 09:00,32.70,71.41,1,1
31-05-2022 10:00,33.31,66.09,0,1
31-05-2022 11:00,33.83,64.12,0,1
31-05-2022 12:00,34.95,60.54,0,1
31-05-2022 13:00,34.57,62.32,0,1
31-05-2022 14:00,35.96,58.86,0,1
31-05-2022 15:00,36.46,56.32,0,1
31-05-2022 16:00,35.97,56.95,0,1
31-05-2022 17:00,33.78,66.97,0,1
31-05-2022 18:00,31.28,77.51,1,1
31-05-2022 19:00,30.34,83.18,1,1
31-05-2022 20:00,29.90,85.47,1,1
31-05-2022 21:00,29.34,83.13,1,1
31-05-2022 22:00,28.68,86.65,0,1
31-05-2022 23:00,28.42,88.92,0,1
